{
  "model_acc": {
    "mean": 0.7241943127962086,
    "std": 0.01834522376227408,
    "ci_lo": 0.6856240126382307,
    "ci_hi": 0.7567535545023696
  },
  "seed_acc": {
    "mean": 0.28816587677725114,
    "std": 0.018381846426598635,
    "ci_lo": 0.2527646129541864,
    "ci_hi": 0.32547393364928906
  },
  "model_logloss": {
    "mean": 0.5135435810089019,
    "std": 0.01886746996673332,
    "ci_lo": 0.4765365426258513,
    "ci_hi": 0.5522411646814748
  },
  "model_brier": {
    "mean": 0.17419632212817668,
    "std": 0.007757722990390844,
    "ci_lo": 0.15922015011310578,
    "ci_hi": 0.18965293206274508
  },
  "acc_lift": {
    "mean": 0.43602843601895735,
    "std": 0.03535239939570756,
    "ci_lo": 0.36330963665086885,
    "ci_hi": 0.5023696682464455
  },
  "point_estimates": {
    "model_acc": 0.7251184834123223,
    "seed_acc": 0.28751974723538704,
    "model_logloss": 0.5128695036398173,
    "model_brier": 0.17388075590133667,
    "n_games": 633
  }
}