{
  "feature_importance": {
    "diff_massey_avg_rank": 0.37895455956459045,
    "diff_massey_best_rank": 0.09283727407455444,
    "diff_avg_margin": 0.07544002681970596,
    "diff_conf_win_pct": 0.052905865013599396,
    "diff_massey_n_systems": 0.026097821071743965,
    "diff_net_eff": 0.020279116928577423,
    "diff_sos": 0.019025200977921486,
    "diff_h2h_win_pct_10": 0.01675287075340748,
    "diff_orb_rate": 0.015627827495336533,
    "diff_drb_rate": 0.015552726574242115,
    "diff_win_pct": 0.01553719025105238,
    "diff_off_eff": 0.015500537119805813,
    "diff_ast_to_ratio": 0.01546903233975172,
    "diff_massey_spread": 0.015235530212521553,
    "diff_fg3_pct": 0.015234868042171001,
    "diff_blk_rate": 0.015165457502007484,
    "diff_rest_days": 0.014819868840277195,
    "diff_stl_rate": 0.014698726125061512,
    "diff_pace": 0.014347033575177193,
    "diff_fg3_rate": 0.014314472675323486,
    "diff_to_rate": 0.014215640723705292,
    "diff_win_streak": 0.013970505446195602,
    "diff_h2h_win_pct_5": 0.013952537439763546,
    "diff_opp_efg_pct": 0.013881755992770195,
    "diff_ft_rate": 0.013732930645346642,
    "diff_opp_to_rate": 0.013725596480071545,
    "diff_efg_pct": 0.013702819123864174,
    "diff_def_eff": 0.013470340520143509,
    "diff_opp_ft_rate": 0.01318993791937828,
    "diff_games_last_7": 0.012361985631287098
  }
}