{
  "diff_win_pct": 0.0,
  "diff_avg_margin": 0.0,
  "diff_sos": 0.000295835361611152,
  "diff_rest_days": 0.0,
  "diff_games_last_7": 0.0,
  "diff_win_streak": 0.0,
  "diff_h2h_win_pct_5": 0.0,
  "diff_h2h_win_pct_10": 0.0,
  "diff_conf_win_pct": 0.0,
  "diff_efg_pct": -0.00017000000000000348,
  "diff_opp_efg_pct": 0.00017000000000000348,
  "diff_to_rate": -0.00013000000000003287,
  "diff_opp_to_rate": 0.00013000000000003287,
  "diff_orb_rate": 0.00015416666666667744,
  "diff_drb_rate": 7.148229001496809e-05,
  "diff_ft_rate": -0.0002112499999999684,
  "diff_opp_ft_rate": 0.0002112499999999684,
  "diff_fg3_rate": 0.0006382229520777438,
  "diff_fg3_pct": 0.0002112616673279888,
  "diff_ast_to_ratio": -0.0008681626108097418,
  "diff_blk_rate": -7.566728391809191e-05,
  "diff_stl_rate": -0.0001523589459831512,
  "diff_off_eff": 0.027999999999984482,
  "diff_def_eff": 0.036999999999999034,
  "diff_net_eff": 0.027499999999999525,
  "diff_pace": 0.021499999999996078,
  "diff_massey_avg_rank": -0.19999999999998863,
  "diff_massey_best_rank": 0.0,
  "diff_massey_n_systems": 0.0,
  "diff_massey_spread": 0.09999999999999964
}