{
  "mean_predicted_prob": [
    0.05237717375614684,
    0.153314900648567,
    0.25082028287556746,
    0.35103514686573384,
    0.4498845504763495,
    0.5502584898387153,
    0.6485081509595809,
    0.7494274557191918,
    0.8477621783964506,
    0.9501061159137049
  ],
  "fraction_positive": [
    0.051934287228404874,
    0.16159338594513342,
    0.26446034585569467,
    0.366137266023823,
    0.45342429808449225,
    0.5527492765061826,
    0.6269220393849474,
    0.7476717112922002,
    0.8396946564885496,
    0.9495614035087719
  ],
  "max_calibration_error": 0.0216
}