{
  "all": {
    "diff_avg_margin": 0.36523300409317017,
    "diff_win_pct": 0.09766864776611328,
    "diff_conf_win_pct": 0.06194503232836723,
    "diff_massey_avg_rank": 0.06187396124005318,
    "diff_seed": 0.05392851307988167,
    "t2_seed": 0.050863832235336304,
    "t1_seed": 0.045745622366666794,
    "diff_sos": 0.026079565286636353,
    "diff_h2h_win_pct_10": 0.014593339525163174,
    "diff_massey_best_rank": 0.009675898589193821,
    "t1_win_pct": 0.008878731168806553,
    "diff_win_streak": 0.008622977882623672,
    "t2_win_pct": 0.008161131292581558,
    "diff_drb_rate": 0.007849174551665783,
    "t1_avg_margin": 0.007778508123010397,
    "t2_massey_avg_rank": 0.00755580747500062,
    "diff_massey_n_systems": 0.007474768441170454,
    "t2_avg_margin": 0.007133848033845425,
    "t1_massey_avg_rank": 0.007131295278668404,
    "t2_win_streak": 0.006498991511762142,
    "diff_stl_rate": 0.006466612219810486,
    "diff_games_played": 0.006464154925197363,
    "t1_win_streak": 0.006396510172635317,
    "diff_blk_rate": 0.006250446196645498,
    "diff_h2h_win_pct_5": 0.0060452488251030445,
    "diff_off_eff": 0.005983857903629541,
    "diff_opp_to_rate": 0.005931881256401539,
    "diff_opp_efg_pct": 0.00592952873557806,
    "diff_fg3_pct": 0.005885257385671139,
    "diff_pace": 0.005797999445348978,
    "t2_net_eff": 0.00577849755063653,
    "diff_def_eff": 0.005768605507910252,
    "diff_net_eff": 0.005576801486313343,
    "diff_massey_spread": 0.0055710370652377605,
    "diff_opp_ft_rate": 0.00550564331933856,
    "diff_orb_rate": 0.005345757119357586,
    "diff_to_rate": 0.005302656441926956,
    "diff_ast_to_ratio": 0.005231219343841076,
    "diff_efg_pct": 0.005220495164394379,
    "t1_net_eff": 0.005104111973196268,
    "diff_fg3_rate": 0.005056673660874367,
    "diff_rest_days": 0.005054023116827011,
    "diff_ft_rate": 0.004977427423000336,
    "diff_games_last_7": 0.0046629877761006355
  },
  "top20": {
    "diff_avg_margin": 0.36523300409317017,
    "diff_win_pct": 0.09766864776611328,
    "diff_conf_win_pct": 0.06194503232836723,
    "diff_massey_avg_rank": 0.06187396124005318,
    "diff_seed": 0.05392851307988167,
    "t2_seed": 0.050863832235336304,
    "t1_seed": 0.045745622366666794,
    "diff_sos": 0.026079565286636353,
    "diff_h2h_win_pct_10": 0.014593339525163174,
    "diff_massey_best_rank": 0.009675898589193821,
    "t1_win_pct": 0.008878731168806553,
    "diff_win_streak": 0.008622977882623672,
    "t2_win_pct": 0.008161131292581558,
    "diff_drb_rate": 0.007849174551665783,
    "t1_avg_margin": 0.007778508123010397,
    "t2_massey_avg_rank": 0.00755580747500062,
    "diff_massey_n_systems": 0.007474768441170454,
    "t2_avg_margin": 0.007133848033845425,
    "t1_massey_avg_rank": 0.007131295278668404,
    "t2_win_streak": 0.006498991511762142
  }
}