{
  "feature_importance": {
    "diff_massey_avg_rank": 0.257921,
    "diff_elo": 0.223031,
    "diff_avg_margin": 0.073797,
    "diff_conf_win_pct": 0.044547,
    "diff_massey_n_systems": 0.017871,
    "diff_sos": 0.015924,
    "diff_win_pct": 0.015498,
    "diff_net_eff": 0.015155,
    "diff_orb_rate": 0.014805,
    "diff_ast_to_ratio": 0.014429,
    "diff_last5_ewm_margin": 0.014428,
    "diff_drb_rate": 0.013991,
    "diff_massey_best_rank": 0.013937,
    "diff_blk_rate": 0.013758,
    "diff_off_eff": 0.013681,
    "diff_fg3_pct": 0.013567,
    "diff_stl_rate": 0.013403,
    "diff_coaching_instability": 0.013369,
    "diff_opp_ft_rate": 0.013346,
    "diff_h2h_win_pct_10": 0.013342,
    "diff_opp_to_rate": 0.013341,
    "diff_massey_spread": 0.013228,
    "diff_to_rate": 0.013206,
    "diff_rest_days": 0.013114,
    "diff_ft_rate": 0.012821,
    "diff_games_last_7": 0.012812,
    "diff_fg3_rate": 0.012576,
    "diff_pace": 0.012556,
    "diff_def_eff": 0.012352,
    "diff_efg_pct": 0.012161,
    "diff_opp_efg_pct": 0.011941,
    "diff_h2h_win_pct_5": 0.011825,
    "diff_win_streak": 0.01175,
    "diff_roster_disruption": 0.006518,
    "diff_injury_impact": 0.0
  },
  "model_version": "v2"
}